<?xml version='1.0' encoding='UTF-8'?>
<types:mule xmlns:types="http://www.mulesoft.org/schema/mule/types">
  <types:catalog>
    <types:type name="auto_155e1078-4ac1-4df2-8688-faaa1dfae7a6_Input-Payload" format="java">
      <types:shape format="raml" autogeneratedOrigin="77c607cb-5fca-4568-8fcc-be8822fb98c0"><![CDATA[#%RAML 1.0 DataType
type: string]]></types:shape>
    </types:type>
    <types:type name="auto_155e1078-4ac1-4df2-8688-faaa1dfae7a6_Output-Payload" format="java">
      <types:shape format="raml" autogeneratedOrigin="77c607cb-5fca-4568-8fcc-be8822fb98c0"><![CDATA[#%RAML 1.0 DataType
type: string]]></types:shape>
    </types:type>
    <types:type name="auto_2097979d-dfe8-4d31-a597-ddd60b5112b2_Input-Payload" format="java">
      <types:shape format="raml" autogeneratedOrigin="084a4c86-c842-42b6-9a5e-e6ca88cab847"><![CDATA[#%RAML 1.0 DataType
type: string]]></types:shape>
    </types:type>
    <types:type name="auto_2097979d-dfe8-4d31-a597-ddd60b5112b2_Output-Payload" format="java">
      <types:shape format="raml" autogeneratedOrigin="084a4c86-c842-42b6-9a5e-e6ca88cab847"><![CDATA[#%RAML 1.0 DataType
type: string]]></types:shape>
    </types:type>
    <types:type name="auto_d234cfc1-05f3-44ec-8576-68513762efb4_Input-Payload" format="java">
      <types:shape format="raml" autogeneratedOrigin="5cac589c-07bc-4235-b9ab-47b53483978a"><![CDATA[#%RAML 1.0 DataType
type: string]]></types:shape>
    </types:type>
    <types:type name="auto_d234cfc1-05f3-44ec-8576-68513762efb4_Output-Payload" format="java">
      <types:shape format="raml" autogeneratedOrigin="5cac589c-07bc-4235-b9ab-47b53483978a"><![CDATA[#%RAML 1.0 DataType
type: string]]></types:shape>
    </types:type>
    <types:type name="auto_1a89b8f1-fc7c-44c6-a294-29c11277bcc3_Input-Payload" format="java">
      <types:shape format="raml" autogeneratedOrigin="4e2ebcd8-0547-44c5-93d0-b96693778a19"><![CDATA[#%RAML 1.0 DataType
type: string]]></types:shape>
    </types:type>
    <types:type name="auto_1a89b8f1-fc7c-44c6-a294-29c11277bcc3_Output-Payload" format="java">
      <types:shape format="raml" autogeneratedOrigin="4e2ebcd8-0547-44c5-93d0-b96693778a19"><![CDATA[#%RAML 1.0 DataType
type: string]]></types:shape>
    </types:type>
  </types:catalog>
  <types:enrichment select="#155e1078-4ac1-4df2-8688-faaa1dfae7a6">
    <types:processor-declaration>
      <types:input-event>
        <types:message>
          <types:payload type="auto_155e1078-4ac1-4df2-8688-faaa1dfae7a6_Input-Payload"/>
        </types:message>
      </types:input-event>
      <types:output-event>
        <types:message>
          <types:payload type="auto_155e1078-4ac1-4df2-8688-faaa1dfae7a6_Output-Payload"/>
        </types:message>
      </types:output-event>
    </types:processor-declaration>
  </types:enrichment>
  <types:enrichment select="#2097979d-dfe8-4d31-a597-ddd60b5112b2">
    <types:processor-declaration>
      <types:input-event>
        <types:message>
          <types:payload type="auto_2097979d-dfe8-4d31-a597-ddd60b5112b2_Input-Payload"/>
        </types:message>
      </types:input-event>
      <types:output-event>
        <types:message>
          <types:payload type="auto_2097979d-dfe8-4d31-a597-ddd60b5112b2_Output-Payload"/>
        </types:message>
      </types:output-event>
    </types:processor-declaration>
  </types:enrichment>
  <types:enrichment select="#d234cfc1-05f3-44ec-8576-68513762efb4">
    <types:processor-declaration>
      <types:input-event>
        <types:message>
          <types:payload type="auto_d234cfc1-05f3-44ec-8576-68513762efb4_Input-Payload"/>
        </types:message>
      </types:input-event>
      <types:output-event>
        <types:message>
          <types:payload type="auto_d234cfc1-05f3-44ec-8576-68513762efb4_Output-Payload"/>
        </types:message>
      </types:output-event>
    </types:processor-declaration>
  </types:enrichment>
  <types:enrichment select="#1a89b8f1-fc7c-44c6-a294-29c11277bcc3">
    <types:processor-declaration>
      <types:input-event>
        <types:message>
          <types:payload type="auto_1a89b8f1-fc7c-44c6-a294-29c11277bcc3_Input-Payload"/>
        </types:message>
      </types:input-event>
      <types:output-event>
        <types:message>
          <types:payload type="auto_1a89b8f1-fc7c-44c6-a294-29c11277bcc3_Output-Payload"/>
        </types:message>
      </types:output-event>
    </types:processor-declaration>
  </types:enrichment>
</types:mule>